id;groupe;genre;ipa;f0;f1;f2;f3
1;homme;masculin;i;160;240;2280;2850
1;homme;masculin;i;186;280;2400;2790
1;homme;masculin;ɪ;203;390;2030;2640
1;homme;masculin;ɪ;192;310;1980;2550
1;homme;masculin;ɛ;161;490;1870;2420
1;homme;masculin;ɛ;155;570;1700;2600
1;homme;masculin;æ;140;560;1820;2660
1;homme;masculin;æ;180;630;1700;2550
1;homme;masculin;ʌ;144;590;1250;2620
1;homme;masculin;ʌ;148;620;1300;2530
1;homme;masculin;ɑ;148;740;1070;2490
1;homme;masculin;ɑ;170;800;1060;2640
1;homme;masculin;ɔ;161;600;970;2280
1;homme;masculin;ɔ;158;660;980;2220
1;homme;masculin;ʊ;163;440;1120;2210
1;homme;masculin;ʊ;190;400;1070;2280
1;homme;masculin;u;160;240;1040;2150
1;homme;masculin;u;157;270;930;2280
1;homme;masculin;ɜ˞;177;370;1520;1670
1;homme;masculin;ɜ˞;164;460;1330;1590
2;homme;masculin;i;147;220;2220;2910
2;homme;masculin;i;148;210;2360;3250
2;homme;masculin;ɪ;141;410;1890;2680
2;homme;masculin;ɪ;139;420;1850;2500
2;homme;masculin;ɛ;136;500;1760;2590
2;homme;masculin;ɛ;135;510;1710;2380
2;homme;masculin;æ;128;690;1610;2560
2;homme;masculin;æ;131;700;1690;2580
2;homme;masculin;ʌ;140;650;1080;2420
2;homme;masculin;ʌ;125;625;1060;2490
2;homme;masculin;ɑ;140;650;1040;2450
2;homme;masculin;ɑ;136;670;1100;2430
2;homme;masculin;ɔ;149;580;580;2470
2;homme;masculin;ɔ;140;560;560;2410
2;homme;masculin;ʊ;145;450;940;1910
2;homme;masculin;ʊ;141;410;830;2240
2;homme;masculin;u;140;280;650;3300
2;homme;masculin;u;137;260;660;3300
2;homme;masculin;ɜ˞;145;510;1210;1570
2;homme;masculin;ɜ˞;145;510;1130;1510
3;homme;masculin;i;105;250;2180;2680
3;homme;masculin;i;111;244;2300;2780
3;homme;masculin;ɪ;100;400;1930;2610
3;homme;masculin;ɪ;104;400;1990;2700
3;homme;masculin;ɛ;100;550;1810;2500
3;homme;masculin;ɛ;95;540;1810;2480
3;homme;masculin;æ;93;630;1710;2400
3;homme;masculin;æ;94;658;1755;2305
3;homme;masculin;ʌ;100;600;1200;2320
3;homme;masculin;ʌ;105;612;1160;2350
3;homme;masculin;ɑ;91;640;1080;2140
3;homme;masculin;ɑ;94;720;1090;2230
3;homme;masculin;ɔ;92;550;870;2300
3;homme;masculin;ɔ;120;540;840;2280
3;homme;masculin;ʊ;114;460;1150;2290
3;homme;masculin;ʊ;114;456;1030;2300
3;homme;masculin;u;112;340;950;2240
3;homme;masculin;u;112;326;900;2190
3;homme;masculin;ɜ˞;100;500;1370;1780
3;homme;masculin;ɜ˞;106;530;1330;1800
4;homme;masculin;i;150;300;2240;3400
4;homme;masculin;i;156;280;2450;3200
4;homme;masculin;ɪ;156;450;1960;2400
4;homme;masculin;ɪ;146;440;2050;2360
4;homme;masculin;ɛ;130;570;1780;2410
4;homme;masculin;ɛ;150;555;1890;2440
4;homme;masculin;æ;125;750;1610;2340
4;homme;masculin;æ;136;770;1580;2350
4;homme;masculin;ʌ;132;660;1200;2330
4;homme;masculin;ʌ;150;675;1140;2380
4;homme;masculin;ɑ;125;750;1100;2550
4;homme;masculin;ɑ;138;800;1120;2500
4;homme;masculin;ɔ;143;540;850;2320
4;homme;masculin;ɔ;150;555;890;2370
4;homme;masculin;ʊ;136;460;960;2210
4;homme;masculin;ʊ;156;460;1000;2350
4;homme;masculin;u;140;380;950;2050
4;homme;masculin;u;148;385;850;2330
4;homme;masculin;ɜ˞;150;590;1400;1840
4;homme;masculin;ɜ˞;145;555;1430;1730
5;homme;masculin;i;140;310;2310;2820
5;homme;masculin;i;131;260;2250;2850
5;homme;masculin;ɪ;137;440;2060;2640
5;homme;masculin;ɪ;134;430;1880;2450
5;homme;masculin;ɛ;140;580;1910;2500
5;homme;masculin;ɛ;137;550;1770;2400
5;homme;masculin;æ;143;830;1720;2180
5;homme;masculin;æ;135;750;1690;2320
5;homme;masculin;ʌ;136;630;1300;1950
5;homme;masculin;ʌ;130;650;1170;2000
5;homme;masculin;ɑ;131;760;1220;2140
5;homme;masculin;ɑ;126;720;1260;2020
5;homme;masculin;ɔ;136;540;970;1980
5;homme;masculin;ɔ;124;550;880;1950
5;homme;masculin;ʊ;133;470;1040;1990
5;homme;masculin;ʊ;132;490;990;1920
5;homme;masculin;u;141;380;950;2140
5;homme;masculin;u;133;330;800;2130
5;homme;masculin;ɜ˞;143;560;1510;1800
5;homme;masculin;ɜ˞;136;510;1460;1700
6;homme;masculin;i;125;312;2350;2800
6;homme;masculin;i;119;330;2430;2870
6;homme;masculin;ɪ;133;420;2000;2660
6;homme;masculin;ɪ;125;313;2000;2750
6;homme;masculin;ɛ;120;600;1860;2500
6;homme;masculin;ɛ;114;570;1830;2570
6;homme;masculin;æ;119;676;1670;2540
6;homme;masculin;æ;125;725;1687;2500
6;homme;masculin;ʌ;118;680;1150;2560
6;homme;masculin;ʌ;125;726;1270;2560
6;homme;masculin;ɑ;125;740;1100;2680
6;homme;masculin;ɑ;113;670;960;2650
6;homme;masculin;ɔ;120;660;1030;2690
6;homme;masculin;ɔ;125;720;960;2700
6;homme;masculin;ʊ;120;456;1080;2520
6;homme;masculin;ʊ;120;450;1140;2600
6;homme;masculin;u;125;313;838;2340
6;homme;masculin;u;125;288;938;2450
6;homme;masculin;ɜ˞;120;503;1305;1775
6;homme;masculin;ɜ˞;120;505;1320;1750
7;homme;masculin;i;186;320;2320;3120
7;homme;masculin;i;172;310;2280;3020
7;homme;masculin;ɪ;167;470;2000;2660
7;homme;masculin;ɪ;170;410;2040;2715
7;homme;masculin;ɛ;167;630;1900;2860
7;homme;masculin;ɛ;146;614;1840;2770
7;homme;masculin;æ;143;740;1800;2450
7;homme;masculin;æ;162;775;1810;2200
7;homme;masculin;ʌ;167;620;1240;2410
7;homme;masculin;ʌ;160;640;1250;2400
7;homme;masculin;ɑ;162;650;970;2580
7;homme;masculin;ɑ;163;650;980;2350
7;homme;masculin;ɔ;145;430;720;2450
7;homme;masculin;ɔ;171;510;800;2500
7;homme;masculin;ʊ;170;460;1120;2150
7;homme;masculin;ʊ;170;493;1120;2300
7;homme;masculin;u;175;380;1040;2260
7;homme;masculin;u;200;400;1000;2350
7;homme;masculin;ɜ˞;167;570;1300;1750
7;homme;masculin;ɜ˞;157;565;1370;1710
8;homme;masculin;i;105;230;2480;3200
8;homme;masculin;i;109;218;2380;3100
8;homme;masculin;ɪ;110;320;2200;2680
8;homme;masculin;ɪ;103;206;2130;2570
8;homme;masculin;ɛ;107;430;2100;2630
8;homme;masculin;ɛ;105;515;1760;2470
8;homme;masculin;æ;107;514;2060;2600
8;homme;masculin;æ;106;552;1820;2500
8;homme;masculin;ʌ;108;640;1300;2300
8;homme;masculin;ʌ;104;624;1350;2410
8;homme;masculin;ɑ;111;714;1170;2420
8;homme;masculin;ɑ;97;650;1150;2350
8;homme;masculin;ɔ;107;590;965;2500
8;homme;masculin;ɔ;109;578;970;2460
8;homme;masculin;ʊ;111;467;1110;2400
8;homme;masculin;ʊ;105;475;1220;2310
8;homme;masculin;u;107;270;910;2200
8;homme;masculin;u;108;260;975;2320
8;homme;masculin;ɜ˞;107;460;1400;1790
8;homme;masculin;ɜ˞;103;425;1410;1760
9;homme;masculin;i;175;316;2200;2800
9;homme;masculin;i;175;280;2275;2775
9;homme;masculin;ɪ;167;450;1820;2475
9;homme;masculin;ɪ;167;434;1850;2425
9;homme;masculin;ɛ;157;582;1725;2375
9;homme;masculin;ɛ;158;586;1800;2425
9;homme;masculin;æ;150;600;1750;2375
9;homme;masculin;æ;145;582;1775;2375
9;homme;masculin;ʌ;145;626;1125;2200
9;homme;masculin;ʌ;160;641;1120;2225
9;homme;masculin;ɑ;144;708;1054;2420
9;homme;masculin;ɑ;150;705;1050;2375
9;homme;masculin;ɔ;146;614;848;2200
9;homme;masculin;ɔ;143;600;860;2175
9;homme;masculin;ʊ;167;500;1000;2325
9;homme;masculin;ʊ;167;500;1000;2325
9;homme;masculin;u;167;334;1150;2200
9;homme;masculin;u;183;312;1020;2300
9;homme;masculin;ɜ˞;157;518;1305;1570
9;homme;masculin;ɜ˞;157;504;1210;1510
10;homme;masculin;i;129;260;2260;2820
10;homme;masculin;i;125;250;2200;2825
10;homme;masculin;ɪ;146;400;2040;2500
10;homme;masculin;ɪ;144;389;2000;2425
10;homme;masculin;ɛ;126;500;1870;2500
10;homme;masculin;ɛ;125;500;1775;2450
10;homme;masculin;æ;110;660;1650;2500
10;homme;masculin;æ;120;624;1700;2475
10;homme;masculin;ʌ;122;650;1220;2550
10;homme;masculin;ʌ;120;672;1260;2500
10;homme;masculin;ɑ;114;750;1080;2680
10;homme;masculin;ɑ;114;777;1026;2625
10;homme;masculin;ɔ;115;580;800;2650
10;homme;masculin;ɔ;117;585;819;2625
10;homme;masculin;ʊ;140;480;950;2500
10;homme;masculin;ʊ;127;461;993;2350
10;homme;masculin;u;140;280;950;2300
10;homme;masculin;u;133;266;920;2300
10;homme;masculin;ɜ˞;128;500;1340;1700
10;homme;masculin;ɜ˞;133;532;1275;1600
11;homme;masculin;i;146;248;2225;3100
11;homme;masculin;i;140;238;2175;3075
11;homme;masculin;ɪ;150;405;1925;2550
11;homme;masculin;ɪ;138;416;1940;2600
11;homme;masculin;ɛ;147;588;1790;2500
11;homme;masculin;ɛ;133;586;1725;2650
11;homme;masculin;æ;145;725;1700;2425
11;homme;masculin;æ;127;710;1650;2220
11;homme;masculin;ʌ;136;586;1078;2300
11;homme;masculin;ʌ;136;627;1038;2360
11;homme;masculin;ɑ;145;725;1046;2325
11;homme;masculin;ɑ;131;746;1018;2300
11;homme;masculin;ɔ;140;560;840;2500
11;homme;masculin;ɔ;140;560;924;2350
11;homme;masculin;ʊ;150;495;1080;2275
11;homme;masculin;ʊ;143;430;1030;2275
11;homme;masculin;u;162;290;760;2300
11;homme;masculin;u;157;315;850;2025
11;homme;masculin;ɜ˞;150;511;1561;1876
11;homme;masculin;ɜ˞;138;530;1450;1887
12;homme;masculin;i;110;220;2410;3000
12;homme;masculin;i;125;240;2440;3280
12;homme;masculin;ɪ;120;450;1880;2450
12;homme;masculin;ɪ;118;380;1930;2420
12;homme;masculin;ɛ;115;560;1650;2300
12;homme;masculin;ɛ;123;560;1720;2300
12;homme;masculin;æ;110;680;1720;2330
12;homme;masculin;æ;133;630;1680;2280
12;homme;masculin;ʌ;110;560;1430;2250
12;homme;masculin;ʌ;120;560;1390;2240
12;homme;masculin;ɑ;108;800;1330;2260
12;homme;masculin;ɑ;110;740;1240;2280
12;homme;masculin;ɔ;120;600;920;2080
12;homme;masculin;ɔ;133;580;910;2000
12;homme;masculin;ʊ;130;400;1200;2210
12;homme;masculin;ʊ;110;420;1230;2230
12;homme;masculin;u;122;300;900;2130
12;homme;masculin;u;123;260;1010;2240
12;homme;masculin;ɜ˞;125;400;1450;1650
12;homme;masculin;ɜ˞;128;360;1410;1640
13;homme;masculin;i;142;290;2290;2600
13;homme;masculin;i;135;260;2290;2700
13;homme;masculin;ɪ;132;390;1950;2550
13;homme;masculin;ɪ;135;400;1900;2450
13;homme;masculin;ɛ;124;490;1740;2500
13;homme;masculin;ɛ;125;500;1780;2430
13;homme;masculin;æ;125;660;1630;2500
13;homme;masculin;æ;132;670;1630;2380
13;homme;masculin;ʌ;140;600;1220;2530
13;homme;masculin;ʌ;125;600;1210;2430
13;homme;masculin;ɑ;125;680;1120;2630
13;homme;masculin;ɑ;128;670;1100;2700
13;homme;masculin;ɔ;127;510;720;2450
13;homme;masculin;ɔ;120;480;710;2540
13;homme;masculin;ʊ;133;380;910;2350
13;homme;masculin;ʊ;140;440;1030;2400
13;homme;masculin;u;127;350;720;2750
13;homme;masculin;u;140;380;740;2880
13;homme;masculin;ɜ˞;128;430;1370;1610
13;homme;masculin;ɜ˞;135;440;1360;1600
14;homme;masculin;i;114;228;2350;2860
14;homme;masculin;i;118;220;2350;2920
14;homme;masculin;ɪ;110;407;2070;2500
14;homme;masculin;ɪ;112;420;1900;2450
14;homme;masculin;ɛ;106;445;2020;2420
14;homme;masculin;ɛ;115;470;2020;2500
14;homme;masculin;æ;103;721;1680;2400
14;homme;masculin;æ;109;750;1710;2440
14;homme;masculin;ʌ;104;552;1122;2500
14;homme;masculin;ʌ;115;580;1150;2600
14;homme;masculin;ɑ;98;686;1078;2570
14;homme;masculin;ɑ;103;700;1050;2680
14;homme;masculin;ɔ;102;560;665;2620
14;homme;masculin;ɔ;106;550;650;2700
14;homme;masculin;ʊ;112;448;980;2370
14;homme;masculin;ʊ;104;410;940;2370
14;homme;masculin;u;116;232;696;2200
14;homme;masculin;u;117;222;665;2080
14;homme;masculin;ɜ˞;120;432;1300;1400
14;homme;masculin;ɜ˞;111;420;1300;1570
15;homme;masculin;i;121;230;2100;2850
15;homme;masculin;i;118;240;2000;2980
15;homme;masculin;ɪ;130;365;1900;2340
15;homme;masculin;ɪ;119;300;2040;2560
15;homme;masculin;ɛ;112;440;1980;2310
15;homme;masculin;ɛ;120;410;2050;2500
15;homme;masculin;æ;133;620;1710;2110
15;homme;masculin;æ;124;660;1800;2150
15;homme;masculin;ʌ;120;660;1000;2380
15;homme;masculin;ʌ;110;660;960;2450
15;homme;masculin;ɑ;122;600;830;2250
15;homme;masculin;ɑ;119;620;820;2400
15;homme;masculin;ɔ;117;500;620;2250
15;homme;masculin;ɔ;106;550;700;2550
15;homme;masculin;ʊ;140;390;730;2180
15;homme;masculin;ʊ;130;360;740;2200
15;homme;masculin;u;131;260;720;2100
15;homme;masculin;u;132;260;740;2040
15;homme;masculin;ɜ˞;125;450;1230;1600
15;homme;masculin;ɜ˞;127;460;1300;1650
16;homme;masculin;i;150;300;2355;3250
16;homme;masculin;i;150;300;2460;3280
16;homme;masculin;ɪ;160;385;2242;2805
16;homme;masculin;ɪ;150;407;2250;2780
16;homme;masculin;ɛ;140;504;2090;2720
16;homme;masculin;ɛ;146;543;1980;2640
16;homme;masculin;æ;133;680;1958;2542
16;homme;masculin;æ;141;708;1840;2535
16;homme;masculin;ʌ;150;675;1320;2550
16;homme;masculin;ʌ;150;704;1393;2550
16;homme;masculin;ɑ;137;825;1168;2750
16;homme;masculin;ɑ;135;840;1210;2680
16;homme;masculin;ɔ;143;671;1000;2670
16;homme;masculin;ɔ;147;690;968;2660
16;homme;masculin;ʊ;143;443;1273;2430
16;homme;masculin;ʊ;153;459;1286;2410
16;homme;masculin;u;146;395;1300;2160
16;homme;masculin;u;153;400;1320;2150
16;homme;masculin;ɜ˞;140;532;1500;1890
16;homme;masculin;ɜ˞;146;538;1460;1818
17;homme;masculin;i;120;264;2290;2700
17;homme;masculin;i;128;256;2305;2635
17;homme;masculin;ɪ;112;380;1880;2440
17;homme;masculin;ɪ;115;346;1930;2390
17;homme;masculin;ɛ;100;510;1780;2300
17;homme;masculin;ɛ;108;520;1730;2275
17;homme;masculin;æ;100;630;1770;2350
17;homme;masculin;æ;105;630;1642;2170
17;homme;masculin;ʌ;103;601;1273;2130
17;homme;masculin;ʌ;105;590;1283;2150
17;homme;masculin;ɑ;100;750;1150;2440
17;homme;masculin;ɑ;95;703;1092;2320
17;homme;masculin;ɔ;97;565;780;2350
17;homme;masculin;ɔ;106;584;849;2460
17;homme;masculin;ʊ;105;420;1100;2140
17;homme;masculin;ʊ;111;422;1200;2175
17;homme;masculin;u;117;315;1080;2260
17;homme;masculin;u;125;326;1125;2210
17;homme;masculin;ɜ˞;111;444;1300;1625
17;homme;masculin;ɜ˞;109;469;1288;1600
18;homme;masculin;i;124;210;2100;3090
18;homme;masculin;i;130;220;2080;3180
18;homme;masculin;ɪ;128;280;2000;2710
18;homme;masculin;ɪ;130;310;1950;2670
18;homme;masculin;ɛ;121;470;1910;2580
18;homme;masculin;ɛ;129;490;1930;2650
18;homme;masculin;æ;116;640;1620;2200
18;homme;masculin;æ;118;650;1580;2360
18;homme;masculin;ʌ;121;610;1100;2230
18;homme;masculin;ʌ;126;620;1120;2330
18;homme;masculin;ɑ;118;700;1100;2240
18;homme;masculin;ɑ;120;670;1100;2220
18;homme;masculin;ɔ;122;460;720;2180
18;homme;masculin;ɔ;118;470;690;2200
18;homme;masculin;ʊ;129;320;770;1860
18;homme;masculin;ʊ;130;310;790;1920
18;homme;masculin;u;140;210;670;1900
18;homme;masculin;u;148;240;730;1850
18;homme;masculin;ɜ˞;128;390;1320;1550
18;homme;masculin;ɜ˞;124;420;1240;1510
19;homme;masculin;i;129;190;2650;3280
19;homme;masculin;i;135;190;2700;3170
19;homme;masculin;ɪ;132;370;1750;2700
19;homme;masculin;ɪ;130;370;1800;2750
19;homme;masculin;ɛ;122;370;1680;2560
19;homme;masculin;ɛ;125;375;1700;2500
19;homme;masculin;æ;121;550;1570;2600
19;homme;masculin;æ;120;530;1610;2650
19;homme;masculin;ʌ;118;570;1050;2500
19;homme;masculin;ʌ;125;590;1100;2480
19;homme;masculin;ɑ;112;640;970;2870
19;homme;masculin;ɑ;122;670;980;2900
19;homme;masculin;ɔ;113;560;860;2900
19;homme;masculin;ɔ;121;570;820;2820
19;homme;masculin;ʊ;125;350;1000;2500
19;homme;masculin;ʊ;130;380;920;2370
19;homme;masculin;u;130;250;1000;2100
19;homme;masculin;u;140;210;960;1940
19;homme;masculin;ɜ˞;130;360;1300;1920
19;homme;masculin;ɜ˞;133;370;1300;1760
20;homme;masculin;i;127;250;2180;2660
20;homme;masculin;i;131;260;2210;2780
20;homme;masculin;ɪ;121;400;1900;2440
20;homme;masculin;ɪ;122;350;1980;2480
20;homme;masculin;ɛ;116;560;1670;2310
20;homme;masculin;ɛ;124;530;1700;2380
20;homme;masculin;æ;120;680;1470;2280
20;homme;masculin;æ;119;620;1580;2320
20;homme;masculin;ʌ;120;620;1100;2390
20;homme;masculin;ʌ;125;640;1110;2370
20;homme;masculin;ɑ;115;630;980;2330
20;homme;masculin;ɑ;121;670;940;2380
20;homme;masculin;ɔ;112;560;790;2480
20;homme;masculin;ɔ;120;610;840;2420
20;homme;masculin;ʊ;121;360;860;2200
20;homme;masculin;ʊ;120;400;840;2200
20;homme;masculin;u;140;280;670;2140
20;homme;masculin;u;126;250;720;2190
20;homme;masculin;ɜ˞;120;480;1410;1760
20;homme;masculin;ɜ˞;121;470;1330;1700
21;homme;masculin;i;155;280;2400;2910
21;homme;masculin;i;150;300;2320;2960
21;homme;masculin;ɪ;142;410;2060;2680
21;homme;masculin;ɪ;150;450;2050;2670
21;homme;masculin;ɛ;135;540;1900;2530
21;homme;masculin;ɛ;135;540;1920;2520
21;homme;masculin;æ;138;620;1800;2440
21;homme;masculin;æ;140;690;1820;2480
21;homme;masculin;ʌ;150;630;1200;2600
21;homme;masculin;ʌ;140;680;1290;2600
21;homme;masculin;ɑ;145;740;1110;2500
21;homme;masculin;ɑ;143;700;1060;2720
21;homme;masculin;ɔ;146;600;970;2570
21;homme;masculin;ɔ;138;650;880;2660
21;homme;masculin;ʊ;142;430;1130;2440
21;homme;masculin;ʊ;143;430;1150;2420
21;homme;masculin;u;142;280;990;2330
21;homme;masculin;u;145;290;1000;2300
21;homme;masculin;ɜ˞;150;420;1350;1600
21;homme;masculin;ɜ˞;150;450;1350;1600
22;homme;masculin;i;135;300;2300;2800
22;homme;masculin;i;135;350;2240;2760
22;homme;masculin;ɪ;136;410;2200;2680
22;homme;masculin;ɪ;138;440;2080;2520
22;homme;masculin;ɛ;133;580;1870;2320
22;homme;masculin;ɛ;127;520;1900;2400
22;homme;masculin;æ;130;760;1920;2480
22;homme;masculin;æ;132;670;1850;2560
22;homme;masculin;ʌ;139;810;1110;2100
22;homme;masculin;ʌ;131;770;1150;2100
22;homme;masculin;ɑ;141;700;1040;2120
22;homme;masculin;ɑ;125;750;1160;2080
22;homme;masculin;ɔ;133;670;920;2240
22;homme;masculin;ɔ;142;570;850;2250
22;homme;masculin;ʊ;140;550;970;2200
22;homme;masculin;ʊ;141;490;870;2240
22;homme;masculin;u;150;300;600;2300
22;homme;masculin;u;148;230;570;2100
22;homme;masculin;ɜ˞;140;560;1520;2100
22;homme;masculin;ɜ˞;140;540;1570;2050
23;homme;masculin;i;125;240;2100;2900
23;homme;masculin;i;119;240;2150;2860
23;homme;masculin;ɪ;130;380;1870;2450
23;homme;masculin;ɪ;120;430;1710;2350
23;homme;masculin;ɛ;119;580;1770;2500
23;homme;masculin;ɛ;117;570;1750;2400
23;homme;masculin;æ;115;760;1580;2440
23;homme;masculin;æ;110;715;1500;2300
23;homme;masculin;ʌ;124;620;880;2500
23;homme;masculin;ʌ;124;650;1000;2520
23;homme;masculin;ɑ;119;710;950;2520
23;homme;masculin;ɑ;120;690;960;2520
23;homme;masculin;ɔ;125;460;610;2500
23;homme;masculin;ɔ;120;470;710;2500
23;homme;masculin;ʊ;125;390;900;2100
23;homme;masculin;ʊ;125;460;920;2140
23;homme;masculin;u;125;250;690;2080
23;homme;masculin;u;130;270;650;2050
23;homme;masculin;ɜ˞;122;540;1280;1720
23;homme;masculin;ɜ˞;118;510;1280;1650
24;homme;masculin;i;148;280;2450;2700
24;homme;masculin;i;160;288;2500;2880
24;homme;masculin;ɪ;160;400;2080;2530
24;homme;masculin;ɪ;153;384;2110;2500
24;homme;masculin;ɛ;138;590;1900;2200
24;homme;masculin;ɛ;153;583;1840;2250
24;homme;masculin;æ;145;680;1850;2400
24;homme;masculin;æ;140;685;1780;2160
24;homme;masculin;ʌ;143;660;1370;2110
24;homme;masculin;ʌ;145;680;1300;2100
24;homme;masculin;ɑ;140;760;1260;2120
24;homme;masculin;ɑ;135;770;1140;2020
24;homme;masculin;ɔ;145;500;800;1850
24;homme;masculin;ɔ;132;600;1000;2000
24;homme;masculin;ʊ;157;380;1060;1950
24;homme;masculin;ʊ;150;470;1220;2150
24;homme;masculin;u;162;324;800;2220
24;homme;masculin;u;139;290;800;2150
24;homme;masculin;ɜ˞;150;560;1350;1780
24;homme;masculin;ɜ˞;150;600;1470;1820
25;homme;masculin;i;110;250;2190;3000
25;homme;masculin;i;106;254;2085;2890
25;homme;masculin;ɪ;111;330;1967;2670
25;homme;masculin;ɪ;108;430;1940;2590
25;homme;masculin;ɛ;116;464;2100;2700
25;homme;masculin;ɛ;105;504;1995;2780
25;homme;masculin;æ;94;595;1900;2700
25;homme;masculin;æ;100;670;1860;2500
25;homme;masculin;ʌ;96;620;1200;2420
25;homme;masculin;ʌ;105;630;1127;2420
25;homme;masculin;ɑ;100;750;1160;2360
25;homme;masculin;ɑ;96;740;1155;2330
25;homme;masculin;ɔ;101;460;740;2300
25;homme;masculin;ɔ;105;494;789;2420
25;homme;masculin;ʊ;113;400;1020;2200
25;homme;masculin;ʊ;128;450;1028;2160
25;homme;masculin;u;140;392;1000;2120
25;homme;masculin;u;116;350;898;2140
25;homme;masculin;ɜ˞;117;547;1340;1688
25;homme;masculin;ɜ˞;128;512;1280;1570
26;homme;masculin;i;123;246;2185;2730
26;homme;masculin;i;133;267;2280;2800
26;homme;masculin;ɪ;140;420;2300;2800
26;homme;masculin;ɪ;120;384;2110;2620
26;homme;masculin;ɛ;120;480;1920;2540
26;homme;masculin;ɛ;112;551;1788;2450
26;homme;masculin;æ;114;628;1837;2570
26;homme;masculin;æ;111;622;1890;2560
26;homme;masculin;ʌ;114;628;1254;2470
26;homme;masculin;ʌ;114;617;1255;2480
26;homme;masculin;ɑ;117;690;1072;2660
26;homme;masculin;ɑ;103;630;1000;2530
26;homme;masculin;ɔ;117;510;700;2650
26;homme;masculin;ɔ;120;504;756;2540
26;homme;masculin;ʊ;122;465;990;2440
26;homme;masculin;ʊ;125;462;976;2450
26;homme;masculin;u;120;324;708;2440
26;homme;masculin;u;157;387;786;2518
26;homme;masculin;ɜ˞;122;488;1468;1712
26;homme;masculin;ɜ˞;118;472;1465;1725
27;homme;masculin;i;138;275;2060;2800
27;homme;masculin;i;136;270;2020;2790
27;homme;masculin;ɪ;133;349;2030;2760
27;homme;masculin;ɪ;136;340;1940;2560
27;homme;masculin;ɛ;120;444;1800;2500
27;homme;masculin;ɛ;127;380;1800;2440
27;homme;masculin;æ;125;688;1600;2300
27;homme;masculin;æ;122;660;1570;2380
27;homme;masculin;ʌ;128;565;1157;2310
27;homme;masculin;ʌ;130;550;1150;2250
27;homme;masculin;ɑ;125;712;1024;2250
27;homme;masculin;ɑ;125;670;1080;2300
27;homme;masculin;ɔ;125;550;913;2360
27;homme;masculin;ɔ;126;550;890;2280
27;homme;masculin;ʊ;128;360;1028;2160
27;homme;masculin;ʊ;140;390;1060;2150
27;homme;masculin;u;133;294;930;2050
27;homme;masculin;u;140;280;1000;2160
27;homme;masculin;ɜ˞;125;440;1250;1625
27;homme;masculin;ɜ˞;130;480;1160;1520
28;homme;masculin;i;125;320;2160;2900
28;homme;masculin;i;133;267;2230;3000
28;homme;masculin;ɪ;115;440;1750;2400
28;homme;masculin;ɪ;116;390;1780;2450
28;homme;masculin;ɛ;117;525;1800;2480
28;homme;masculin;ɛ;110;520;1750;2390
28;homme;masculin;æ;111;660;1600;2400
28;homme;masculin;æ;120;720;1680;2430
28;homme;masculin;ʌ;117;600;1250;2300
28;homme;masculin;ʌ;125;575;1170;2240
28;homme;masculin;ɑ;111;730;1160;2340
28;homme;masculin;ɑ;117;860;1280;2470
28;homme;masculin;ɔ;114;560;810;2290
28;homme;masculin;ɔ;116;584;840;2280
28;homme;masculin;ʊ;130;455;970;2140
28;homme;masculin;ʊ;120;456;1040;2038
28;homme;masculin;u;125;350;820;2130
28;homme;masculin;u;128;366;772;2058
28;homme;masculin;ɜ˞;111;450;1420;1870
28;homme;masculin;ɜ˞;118;472;1430;1840
29;homme;masculin;i;133;333;2305;3200
29;homme;masculin;i;131;326;2260;3030
29;homme;masculin;ɪ;125;375;2188;2750
29;homme;masculin;ɪ;133;400;2150;2680
29;homme;masculin;ɛ;125;500;1980;2480
29;homme;masculin;ɛ;150;480;1950;2340
29;homme;masculin;æ;116;640;1710;2450
29;homme;masculin;æ;123;615;1720;2220
29;homme;masculin;ʌ;116;583;1110;2360
29;homme;masculin;ʌ;117;608;1120;2700
29;homme;masculin;ɑ;111;777;1170;2600
29;homme;masculin;ɑ;114;750;1175;2820
29;homme;masculin;ɔ;105;630;891;2519
29;homme;masculin;ɔ;114;572;924;2660
29;homme;masculin;ʊ;125;438;975;2300
29;homme;masculin;ʊ;140;420;938;2300
29;homme;masculin;u;133;333;800;2130
29;homme;masculin;u;140;320;840;2150
29;homme;masculin;ɜ˞;120;480;1320;1870
29;homme;masculin;ɜ˞;127;483;1335;1844
30;homme;masculin;i;166;267;2300;2940
30;homme;masculin;i;156;220;2300;2900
30;homme;masculin;ɪ;154;431;2040;2460
30;homme;masculin;ɪ;155;360;2010;2400
30;homme;masculin;ɛ;150;565;1950;2500
30;homme;masculin;ɛ;180;540;2000;2450
30;homme;masculin;æ;143;600;2000;2570
30;homme;masculin;æ;138;590;1950;2460
30;homme;masculin;ʌ;157;630;1140;2200
30;homme;masculin;ʌ;186;630;1170;2280
30;homme;masculin;ɑ;146;730;1048;2450
30;homme;masculin;ɑ;155;730;1130;2320
30;homme;masculin;ɔ;150;600;900;2400
30;homme;masculin;ɔ;178;640;890;2280
30;homme;masculin;ʊ;160;448;960;2200
30;homme;masculin;ʊ;196;450;1000;2180
30;homme;masculin;u;167;333;835;2170
30;homme;masculin;u;198;280;750;2170
30;homme;masculin;ɜ˞;163;488;1300;1600
30;homme;masculin;ɜ˞;163;490;1380;1620
31;homme;masculin;i;120;312;2380;2900
31;homme;masculin;i;120;300;2350;3000
31;homme;masculin;ɪ;140;490;2000;2620
31;homme;masculin;ɪ;140;490;1960;2600
31;homme;masculin;ɛ;125;640;2000;2620
31;homme;masculin;ɛ;111;555;1870;2540
31;homme;masculin;æ;112;697;1610;2540
31;homme;masculin;æ;114;684;1634;2510
31;homme;masculin;ʌ;115;633;1260;2530
31;homme;masculin;ʌ;120;660;1213;2460
31;homme;masculin;ɑ;112;730;1203;2700
31;homme;masculin;ɑ;107;752;1125;2620
31;homme;masculin;ɔ;108;507;755;2420
31;homme;masculin;ɔ;116;538;816;2450
31;homme;masculin;ʊ;114;456;1040;2300
31;homme;masculin;ʊ;120;480;1120;2160
31;homme;masculin;u;123;344;960;2150
31;homme;masculin;u;125;350;1000;2250
31;homme;masculin;ɜ˞;112;539;1370;1800
31;homme;masculin;ɜ˞;117;549;1353;1728
32;homme;masculin;i;146;292;2500;3150
32;homme;masculin;i;133;266;2370;3100
32;homme;masculin;ɪ;143;372;2220;2640
32;homme;masculin;ɪ;131;350;2130;2610
32;homme;masculin;ɛ;133;574;1840;2260
32;homme;masculin;ɛ;133;563;1960;2450
32;homme;masculin;æ;125;650;1738;2400
32;homme;masculin;æ;130;663;1820;2400
32;homme;masculin;ʌ;137;600;1370;2180
32;homme;masculin;ʌ;125;625;1312;2250
32;homme;masculin;ɑ;133;735;1070;2100
32;homme;masculin;ɑ;117;713;1180;2200
32;homme;masculin;ɔ;125;625;875;2180
32;homme;masculin;ɔ;115;700;1000;2250
32;homme;masculin;ʊ;150;420;1100;2000
32;homme;masculin;ʊ;140;420;1120;2100
32;homme;masculin;u;125;350;980;2200
32;homme;masculin;u;133;320;918;2100
32;homme;masculin;ɜ˞;143;554;1480;1800
32;homme;masculin;ɜ˞;128;484;1505;1890
33;homme;masculin;i;143;286;2415;2860
33;homme;masculin;i;150;300;2415;2860
33;homme;masculin;ɪ;140;400;1980;2500
33;homme;masculin;ɪ;145;407;2095;2620
33;homme;masculin;ɛ;125;525;1988;2610
33;homme;masculin;ɛ;144;553;1935;2530
33;homme;masculin;æ;133;640;1773;2490
33;homme;masculin;æ;133;640;1840;2560
33;homme;masculin;ʌ;143;672;1272;2640
33;homme;masculin;ʌ;146;658;1241;2560
33;homme;masculin;ɑ;130;780;1170;2640
33;homme;masculin;ɑ;131;788;1115;2645
33;homme;masculin;ɔ;138;633;891;2500
33;homme;masculin;ɔ;150;600;935;2550
33;homme;masculin;ʊ;175;490;1102;2420
33;homme;masculin;ʊ;154;492;1077;2306
33;homme;masculin;u;160;320;960;2240
33;homme;masculin;u;160;320;960;2290
33;homme;masculin;ɜ˞;143;543;1310;1643
33;homme;masculin;ɜ˞;145;508;1309;1600
34;femme;NA;i;230;370;2670;3100
34;femme;NA;i;234;390;2760;3060
34;femme;NA;ɪ;234;468;2330;2930
34;femme;NA;ɪ;205;410;2380;2950
34;femme;NA;ɛ;190;550;2200;2880
34;femme;NA;ɛ;191;570;2100;3040
34;femme;NA;æ;200;800;1980;2810
34;femme;NA;æ;192;860;1920;2850
34;femme;NA;ʌ;227;635;1200;3250
34;femme;NA;ʌ;200;700;1200;3100
34;femme;NA;ɑ;210;880;1240;2870
34;femme;NA;ɑ;188;830;1200;2880
34;femme;NA;ɔ;207;570;830;3300
34;femme;NA;ɔ;200;700;1000;3130
34;femme;NA;ʊ;240;410;940;3040
34;femme;NA;ʊ;225;450;970;3190
34;femme;NA;u;238;480;955;2960
34;femme;NA;u;208;395;810;2900
34;femme;NA;ɜ˞;200;500;1850;2100
34;femme;NA;ɜ˞;200;560;1750;2100
35;femme;NA;i;225;270;2760;3550
35;femme;NA;i;240;290;2700;3350
35;femme;NA;ɪ;245;460;2500;3220
35;femme;NA;ɪ;220;410;2400;3240
35;femme;NA;ɛ;220;620;2300;3200
35;femme;NA;ɛ;210;630;2300;3170
35;femme;NA;æ;220;820;2180;2850
35;femme;NA;æ;195;740;2120;3070
35;femme;NA;ʌ;240;800;1300;2900
35;femme;NA;ʌ;225;760;1400;2830
35;femme;NA;ɑ;214;850;1120;2620
35;femme;NA;ɑ;190;880;1220;2850
35;femme;NA;ɔ;228;460;900;2830
35;femme;NA;ɔ;222;440;880;2850
35;femme;NA;ʊ;250;500;1040;2750
35;femme;NA;ʊ;245;490;1000;2720
35;femme;NA;u;250;400;940;2720
35;femme;NA;u;245;410;860;2700
35;femme;NA;ɜ˞;225;440;1560;1750
35;femme;NA;ɜ˞;210;420;1600;1750
36;femme;NA;i;210;290;2700;3020
36;femme;NA;i;215;280;2630;3240
36;femme;NA;ɪ;211;420;2300;2950
36;femme;NA;ɪ;211;420;2220;2980
36;femme;NA;ɛ;207;640;2120;2900
36;femme;NA;ɛ;221;700;2000;2900
36;femme;NA;æ;212;1000;1830;2820
36;femme;NA;æ;204;980;1800;2820
36;femme;NA;ʌ;205;780;1410;2720
36;femme;NA;ʌ;208;710;1450;2750
36;femme;NA;ɑ;205;950;1280;2600
36;femme;NA;ɑ;210;870;1260;2740
36;femme;NA;ɔ;203;610;900;2710
36;femme;NA;ɔ;210;630;840;2700
36;femme;NA;ʊ;211;440;1050;2780
36;femme;NA;ʊ;210;420;1050;2740
36;femme;NA;u;222;380;860;2500
36;femme;NA;u;208;330;750;2740
36;femme;NA;ɜ˞;208;580;1450;1720
36;femme;NA;ɜ˞;212;540;1560;1900
37;femme;NA;i;210;294;2800;3100
37;femme;NA;i;222;270;2880;3160
37;femme;NA;ɪ;202;420;2430;3030
37;femme;NA;ɪ;212;420;2370;2930
37;femme;NA;ɛ;200;580;2180;2770
37;femme;NA;ɛ;217;540;2160;2770
37;femme;NA;æ;200;820;1970;2620
37;femme;NA;æ;210;840;2000;2700
37;femme;NA;ʌ;208;690;1200;2900
37;femme;NA;ʌ;201;666;1206;2900
37;femme;NA;ɑ;200;800;1200;2920
37;femme;NA;ɑ;190;760;1140;2850
37;femme;NA;ɔ;200;560;760;2800
37;femme;NA;ɔ;207;560;770;3000
37;femme;NA;ʊ;215;430;1075;2580
37;femme;NA;ʊ;213;430;1000;2700
37;femme;NA;u;220;330;840;2550
37;femme;NA;u;213;280;850;2500
37;femme;NA;ɜ˞;205;430;1800;1930
37;femme;NA;ɜ˞;200;420;1740;1960
38;femme;NA;i;175;350;2800;3160
38;femme;NA;i;187;338;2870;3300
38;femme;NA;ɪ;200;400;2540;3200
38;femme;NA;ɪ;210;420;2680;3000
38;femme;NA;ɛ;180;518;2470;3200
38;femme;NA;ɛ;200;600;2400;3150
38;femme;NA;æ;171;773;2000;2870
38;femme;NA;æ;175;875;2100;2970
38;femme;NA;ʌ;183;733;1468;2700
38;femme;NA;ʌ;200;740;1280;2900
38;femme;NA;ɑ;178;730;1210;2740
38;femme;NA;ɑ;175;735;1220;2850
38;femme;NA;ɔ;160;560;960;2850
38;femme;NA;ɔ;192;536;850;2850
38;femme;NA;ʊ;212;424;1040;2780
38;femme;NA;ʊ;200;520;1060;2670
38;femme;NA;u;190;380;770;2900
38;femme;NA;u;187;340;750;2780
38;femme;NA;ɜ˞;177;490;2120;2480
38;femme;NA;ɜ˞;197;493;1930;2300
39;femme;NA;i;250;325;2700;3100
39;femme;NA;i;225;310;2750;3225
39;femme;NA;ɪ;214;350;2580;3000
39;femme;NA;ɪ;267;390;2700;3200
39;femme;NA;ɛ;233;560;2330;2800
39;femme;NA;ɛ;200;520;2500;3000
39;femme;NA;æ;171;806;1970;2600
39;femme;NA;æ;150;825;1860;2550
39;femme;NA;ʌ;186;708;1485;2760
39;femme;NA;ʌ;188;676;1500;2590
39;femme;NA;ɑ;200;800;1200;2800
39;femme;NA;ɑ;205;714;1154;2850
39;femme;NA;ɔ;267;530;800;2780
39;femme;NA;ɔ;180;485;810;2750
39;femme;NA;ʊ;214;450;1460;2550
39;femme;NA;ʊ;233;467;1400;2450
39;femme;NA;u;225;450;1080;2350
39;femme;NA;u;200;400;1000;2400
39;femme;NA;ɜ˞;193;524;1700;2130
39;femme;NA;ɜ˞;180;507;1800;2380
40;femme;NA;i;200;300;3100;3400
40;femme;NA;i;216;300;3100;3500
40;femme;NA;ɪ;214;428;2570;3000
40;femme;NA;ɪ;220;440;2640;3080
40;femme;NA;ɛ;210;528;2540;3170
40;femme;NA;ɛ;210;504;2520;3200
40;femme;NA;æ;187;940;2250;2760
40;femme;NA;æ;200;820;2200;2920
40;femme;NA;ʌ;204;816;1450;2700
40;femme;NA;ʌ;214;858;1500;2700
40;femme;NA;ɑ;200;960;1280;3000
40;femme;NA;ɑ;180;1040;1300;3000
40;femme;NA;ɔ;220;520;880;2500
40;femme;NA;ɔ;217;574;890;2510
40;femme;NA;ʊ;233;466;1330;2750
40;femme;NA;ʊ;233;466;1165;2800
40;femme;NA;u;180;300;850;2800
40;femme;NA;u;175;350;840;2750
40;femme;NA;ɜ˞;216;432;1790;2060
40;femme;NA;ɜ˞;219;360;1900;2320
41;femme;NA;i;225;337;2700;3300
41;femme;NA;i;233;340;2720;3200
41;femme;NA;ɪ;237;474;2370;3095
41;femme;NA;ɪ;237;475;2400;3090
41;femme;NA;ɛ;229;526;2360;3090
41;femme;NA;ɛ;233;580;2360;3150
41;femme;NA;æ;230;690;2185;2990
41;femme;NA;æ;220;660;2200;3020
41;femme;NA;ʌ;225;675;1551;2923
41;femme;NA;ʌ;233;690;1630;2900
41;femme;NA;ɑ;222;845;1334;2890
41;femme;NA;ɑ;233;888;1290;2800
41;femme;NA;ɔ;225;631;923;2250
41;femme;NA;ɔ;233;543;980;2300
41;femme;NA;ʊ;233;537;1360;2920
41;femme;NA;ʊ;240;480;1345;2680
41;femme;NA;u;235;400;1180;2760
41;femme;NA;u;233;396;1120;2560
41;femme;NA;ɜ˞;225;450;1640;2250
41;femme;NA;ɜ˞;233;489;1630;2090
42;femme;NA;i;225;225;2760;3900
42;femme;NA;i;230;230;2850;3800
42;femme;NA;ɪ;238;429;2560;3200
42;femme;NA;ɪ;230;430;2575;3100
42;femme;NA;ɛ;214;579;2570;3300
42;femme;NA;ɛ;214;536;2570;3100
42;femme;NA;æ;205;823;2220;2870
42;femme;NA;æ;200;800;2100;2900
42;femme;NA;ʌ;250;750;1500;2750
42;femme;NA;ʌ;217;738;1300;2820
42;femme;NA;ɑ;200;840;1300;3100
42;femme;NA;ɑ;206;990;1340;3100
42;femme;NA;ɔ;214;579;856;2790
42;femme;NA;ɔ;205;545;905;2750
42;femme;NA;ʊ;233;490;1220;2610
42;femme;NA;ʊ;250;513;1500;2650
42;femme;NA;u;250;400;1250;2500
42;femme;NA;u;225;405;1080;2500
42;femme;NA;ɜ˞;233;466;1860;2260
42;femme;NA;ɜ˞;225;540;1780;2220
43;femme;NA;i;240;290;3000;3840
43;femme;NA;i;250;325;2900;3500
43;femme;NA;ɪ;250;500;2370;3120
43;femme;NA;ɪ;238;476;2380;3090
43;femme;NA;ɛ;238;760;2380;3205
43;femme;NA;ɛ;233;746;2290;3030
43;femme;NA;æ;206;1008;1990;2870
43;femme;NA;æ;200;1040;2000;2800
43;femme;NA;ʌ;220;830;1540;2860
43;femme;NA;ʌ;237;900;1510;2840
43;femme;NA;ɑ;206;970;1343;3018
43;femme;NA;ɑ;236;592;1230;2600
43;femme;NA;ɔ;233;650;900;2920
43;femme;NA;ɔ;229;687;1060;2780
43;femme;NA;ʊ;233;512;1211;2630
43;femme;NA;ʊ;233;467;1167;2595
43;femme;NA;u;250;450;875;2750
43;femme;NA;u;233;420;935;2710
43;femme;NA;ɜ˞;230;622;1750;2070
43;femme;NA;ɜ˞;225;652;1710;2043
44;femme;NA;i;255;275;2800;3310
44;femme;NA;i;245;245;2800;3300
44;femme;NA;ɪ;267;534;2500;3250
44;femme;NA;ɪ;264;528;2640;3370
44;femme;NA;ɛ;238;700;2380;3250
44;femme;NA;ɛ;250;750;2480;3000
44;femme;NA;æ;237;1020;1900;2960
44;femme;NA;æ;233;1005;2050;2870
44;femme;NA;ʌ;263;750;1500;2850
44;femme;NA;ʌ;250;850;1400;2750
44;femme;NA;ɑ;258;978;1290;2840
44;femme;NA;ɑ;246;935;1230;2730
44;femme;NA;ɔ;250;500;750;2750
44;femme;NA;ɔ;243;632;850;2850
44;femme;NA;ʊ;250;350;1170;2750
44;femme;NA;ʊ;266;450;1000;2800
44;femme;NA;u;256;358;640;2560
44;femme;NA;u;250;300;750;2500
44;femme;NA;ɜ˞;260;520;1560;1820
44;femme;NA;ɜ˞;250;500;1500;1750
45;femme;NA;i;236;236;2790;3760
45;femme;NA;i;242;242;2770;3800
45;femme;NA;ɪ;222;444;2555;3110
45;femme;NA;ɪ;242;420;2700;3120
45;femme;NA;ɛ;226;634;2325;2940
45;femme;NA;ɛ;225;608;2475;3100
45;femme;NA;æ;210;1010;2060;2900
45;femme;NA;æ;200;980;2160;2920
45;femme;NA;ʌ;217;818;1450;2500
45;femme;NA;ʌ;200;750;1280;2650
45;femme;NA;ɑ;220;820;1200;2640
45;femme;NA;ɑ;210;900;1120;2900
45;femme;NA;ɔ;220;440;749;2640
45;femme;NA;ɔ;210;567;752;2600
45;femme;NA;ʊ;204;460;1045;2504
45;femme;NA;ʊ;240;480;1105;2400
45;femme;NA;u;250;420;1000;2500
45;femme;NA;u;275;350;1100;2400
45;femme;NA;ɜ˞;217;487;1500;1780
45;femme;NA;ɜ˞;206;467;1420;1640
46;femme;NA;i;225;360;2920;3400
46;femme;NA;i;233;340;2840;3300
46;femme;NA;ɪ;257;514;2570;3070
46;femme;NA;ɪ;238;500;2680;3260
46;femme;NA;ɛ;238;650;2495;3090
46;femme;NA;ɛ;216;650;2380;3030
46;femme;NA;æ;225;1020;2030;2700
46;femme;NA;æ;225;1000;2200;2770
46;femme;NA;ʌ;225;788;1462;2920
46;femme;NA;ʌ;217;736;1500;2900
46;femme;NA;ɑ;214;987;1330;2830
46;femme;NA;ɑ;214;1009;1415;3080
46;femme;NA;ɔ;226;672;1084;2495
46;femme;NA;ɔ;209;627;1045;2504
46;femme;NA;ʊ;250;500;1200;2450
46;femme;NA;ʊ;230;460;1150;2880
46;femme;NA;u;267;420;990;2860
46;femme;NA;u;190;380;893;2920
46;femme;NA;ɜ˞;246;610;1630;2020
46;femme;NA;ɜ˞;225;585;1700;1850
47;femme;NA;i;285;285;2900;3500
47;femme;NA;i;286;310;2900;3400
47;femme;NA;ɪ;297;480;2670;3260
47;femme;NA;ɪ;220;440;2620;3380
47;femme;NA;ɛ;173;550;2370;3140
47;femme;NA;ɛ;260;520;2340;3040
47;femme;NA;æ;167;790;2180;3020
47;femme;NA;æ;280;840;2160;3020
47;femme;NA;ʌ;280;840;1400;2750
47;femme;NA;ʌ;270;760;1330;2950
47;femme;NA;ɑ;252;900;1290;2750
47;femme;NA;ɑ;260;900;1240;3110
47;femme;NA;ɔ;175;700;1050;2750
47;femme;NA;ɔ;190;720;1080;3030
47;femme;NA;ʊ;286;540;1200;2860
47;femme;NA;ʊ;205;570;1200;2970
47;femme;NA;u;328;400;980;2630
47;femme;NA;u;290;440;990;2900
47;femme;NA;ɜ˞;286;570;2000;2480
47;femme;NA;ɜ˞;260;510;1850;2350
48;femme;NA;i;170;340;2750;3120
48;femme;NA;i;238;360;2760;3120
48;femme;NA;ɪ;167;480;2390;2950
48;femme;NA;ɪ;194;520;2450;3000
48;femme;NA;ɛ;220;620;2520;2920
48;femme;NA;ɛ;222;620;2440;2880
48;femme;NA;æ;222;1110;2160;2700
48;femme;NA;æ;214;1070;1960;2750
48;femme;NA;ʌ;217;820;1240;2600
48;femme;NA;ʌ;216;860;1300;2670
48;femme;NA;ɑ;150;840;1110;2930
48;femme;NA;ɑ;170;850;1120;2850
48;femme;NA;ɔ;200;500;700;2930
48;femme;NA;ɔ;212;380;720;2700
48;femme;NA;ʊ;235;400;940;2820
48;femme;NA;ʊ;214;380;860;2680
48;femme;NA;u;196;330;760;2870
48;femme;NA;u;188;350;710;2760
48;femme;NA;ɜ˞;182;550;1780;2080
48;femme;NA;ɜ˞;201;600;1750;2000
49;femme;NA;i;200;320;2360;2980
49;femme;NA;i;203;304;2380;3050
49;femme;NA;ɪ;211;444;2220;2740
49;femme;NA;ɪ;210;420;2090;2780
49;femme;NA;ɛ;200;500;2350;2830
49;femme;NA;ɛ;200;600;2200;2700
49;femme;NA;æ;192;845;1700;2300
49;femme;NA;æ;187;860;1724;2530
49;femme;NA;ʌ;200;720;1440;2380
49;femme;NA;ʌ;191;707;1470;2440
49;femme;NA;ɑ;200;700;1080;2420
49;femme;NA;ɑ;192;767;1150;2590
49;femme;NA;ɔ;200;600;860;2410
49;femme;NA;ɔ;200;600;900;2400
49;femme;NA;ʊ;210;546;1090;2400
49;femme;NA;ʊ;210;462;1240;2310
49;femme;NA;u;257;360;930;2260
49;femme;NA;u;220;440;1100;2300
49;femme;NA;ɜ˞;200;540;1400;1800
49;femme;NA;ɜ˞;204;460;1350;1560
50;femme;NA;i;203;406;2600;2945
50;femme;NA;i;200;400;2600;3100
50;femme;NA;ɪ;200;460;2300;2800
50;femme;NA;ɪ;210;420;2305;2835
50;femme;NA;ɛ;190;570;2100;2720
50;femme;NA;ɛ;207;538;2175;2880
50;femme;NA;æ;189;850;1853;2685
50;femme;NA;æ;193;830;1800;2620
50;femme;NA;ʌ;200;720;1500;2560
50;femme;NA;ʌ;200;800;1400;2420
50;femme;NA;ɑ;194;915;1280;2530
50;femme;NA;ɑ;206;723;1196;2600
50;femme;NA;ɔ;192;575;1073;2490
50;femme;NA;ɔ;200;600;1100;2600
50;femme;NA;ʊ;202;520;1210;2420
50;femme;NA;ʊ;212;468;1275;2550
50;femme;NA;u;207;370;1000;2470
50;femme;NA;u;205;330;970;2460
50;femme;NA;ɜ˞;200;560;1600;1900
50;femme;NA;ɜ˞;206;514;1540;1955
51;femme;NA;i;240;380;2880;3360
51;femme;NA;i;250;380;2820;3300
51;femme;NA;ɪ;233;514;2600;2930
51;femme;NA;ɪ;237;473;2660;2970
51;femme;NA;ɛ;223;567;2460;3122
51;femme;NA;ɛ;224;521;2460;2920
51;femme;NA;æ;218;808;2070;2880
51;femme;NA;æ;203;678;2420;3080
51;femme;NA;ʌ;200;800;1340;2700
51;femme;NA;ʌ;214;772;1280;2660
51;femme;NA;ɑ;183;843;1190;2860
51;femme;NA;ɑ;205;740;1160;2780
51;femme;NA;ɔ;222;623;1022;2700
51;femme;NA;ɔ;220;594;990;2640
51;femme;NA;ʊ;240;480;960;2820
51;femme;NA;ʊ;242;484;900;2640
51;femme;NA;u;233;370;933;2520
51;femme;NA;u;250;325;750;2500
51;femme;NA;ɜ˞;225;450;1680;2050
51;femme;NA;ɜ˞;233;466;1630;1865
52;femme;NA;i;200;320;2750;3100
52;femme;NA;i;178;356;2755;3200
52;femme;NA;ɪ;194;388;2622;3050
52;femme;NA;ɪ;194;426;2460;3040
52;femme;NA;ɛ;187;592;2242;2765
52;femme;NA;ɛ;191;535;2290;2870
52;femme;NA;æ;188;750;2060;2770
52;femme;NA;æ;162;650;2110;2618
52;femme;NA;ʌ;187;618;1518;2700
52;femme;NA;ʌ;183;624;1430;2660
52;femme;NA;ɑ;163;766;1180;2340
52;femme;NA;ɑ;167;750;1065;2640
52;femme;NA;ɔ;170;595;918;2600
52;femme;NA;ɔ;176;630;985;2630
52;femme;NA;ʊ;200;420;1200;2600
52;femme;NA;ʊ;200;460;1260;2640
52;femme;NA;u;187;375;1124;2685
52;femme;NA;u;188;375;1143;2700
52;femme;NA;ɜ˞;180;504;1565;1835
52;femme;NA;ɜ˞;183;513;1578;1830
53;femme;NA;i;280;357;2800;3360
53;femme;NA;i;275;340;2860;3350
53;femme;NA;ɪ;290;480;2600;3060
53;femme;NA;ɪ;292;465;2598;3060
53;femme;NA;ɛ;250;700;2350;2980
53;femme;NA;ɛ;240;737;2325;3100
53;femme;NA;æ;200;960;2100;3000
53;femme;NA;æ;217;1030;2200;3260
53;femme;NA;ʌ;275;920;1512;2950
53;femme;NA;ʌ;260;910;1688;3050
53;femme;NA;ɑ;275;990;1237;2360
53;femme;NA;ɑ;267;987;1172;3180
53;femme;NA;ɔ;267;587;1068;3270
53;femme;NA;ɔ;293;560;990;3150
53;femme;NA;ʊ;275;520;1350;3190
53;femme;NA;ʊ;280;510;1415;3130
53;femme;NA;u;300;420;1045;3060
53;femme;NA;u;300;390;960;3030
53;femme;NA;ɜ˞;230;460;1860;2250
53;femme;NA;ɜ˞;214;504;1820;2290
54;femme;NA;i;200;240;2760;3700
54;femme;NA;i;220;220;2850;3800
54;femme;NA;ɪ;228;319;2500;3020
54;femme;NA;ɪ;216;324;2500;3010
54;femme;NA;ɛ;220;616;2380;2900
54;femme;NA;ɛ;212;615;2300;2800
54;femme;NA;æ;212;710;2120;2600
54;femme;NA;æ;210;690;2250;2680
54;femme;NA;ʌ;221;800;1520;2380
54;femme;NA;ʌ;210;780;1470;2400
54;femme;NA;ɑ;199;995;1392;2290
54;femme;NA;ɑ;200;1000;1400;2440
54;femme;NA;ɔ;205;656;944;2250
54;femme;NA;ɔ;200;720;960;2380
54;femme;NA;ʊ;223;335;1049;2470
54;femme;NA;ʊ;210;420;1009;2300
54;femme;NA;u;219;329;877;2550
54;femme;NA;u;230;340;900;2530
54;femme;NA;ɜ˞;206;400;1380;1560
54;femme;NA;ɜ˞;201;400;1240;1480
55;femme;NA;i;220;286;2800;3550
55;femme;NA;i;241;289;2800;3400
55;femme;NA;ɪ;225;383;2420;3080
55;femme;NA;ɪ;240;384;2400;3050
55;femme;NA;ɛ;209;418;2430;3110
55;femme;NA;ɛ;230;460;2300;3050
55;femme;NA;æ;187;861;2100;2800
55;femme;NA;æ;224;896;2040;3000
55;femme;NA;ʌ;218;654;1160;2800
55;femme;NA;ʌ;230;690;1195;2770
55;femme;NA;ɑ;208;860;1103;2700
55;femme;NA;ɑ;212;806;1060;2850
55;femme;NA;ɔ;202;606;910;2900
55;femme;NA;ɔ;201;583;860;2840
55;femme;NA;ʊ;225;340;900;2650
55;femme;NA;ʊ;235;470;1100;2560
55;femme;NA;u;205;308;1025;2650
55;femme;NA;u;235;329;1151;2560
55;femme;NA;ɜ˞;213;533;1425;1830
55;femme;NA;ɜ˞;214;535;1412;1800
56;femme;NA;i;236;307;2670;3150
56;femme;NA;i;245;340;2700;3250
56;femme;NA;ɪ;231;417;2300;3000
56;femme;NA;ɪ;239;410;2200;2910
56;femme;NA;ɛ;222;644;2250;3000
56;femme;NA;ɛ;224;670;2300;2880
56;femme;NA;æ;224;784;1800;2750
56;femme;NA;æ;234;820;1750;2890
56;femme;NA;ʌ;225;765;1300;2700
56;femme;NA;ʌ;221;730;1390;2790
56;femme;NA;ɑ;225;834;1282;2800
56;femme;NA;ɑ;212;850;1270;2760
56;femme;NA;ɔ;229;688;1029;2750
56;femme;NA;ɔ;222;670;1040;2640
56;femme;NA;ʊ;251;427;1506;2640
56;femme;NA;ʊ;240;460;1370;2610
56;femme;NA;u;236;378;1416;2580
56;femme;NA;u;239;380;1430;2610
56;femme;NA;ɜ˞;230;460;1200;1909
56;femme;NA;ɜ˞;225;410;1580;1800
57;femme;NA;i;256;384;2860;3210
57;femme;NA;i;250;375;3000;3400
57;femme;NA;ɪ;230;460;2665;3140
57;femme;NA;ɪ;233;467;2680;3150
57;femme;NA;ɛ;229;640;2400;2860
57;femme;NA;ɛ;233;630;2530;3030
57;femme;NA;æ;233;700;2560;3150
57;femme;NA;æ;225;675;2510;3145
57;femme;NA;ʌ;240;768;1440;2855
57;femme;NA;ʌ;234;794;1447;2920
57;femme;NA;ɑ;227;978;1362;2724
57;femme;NA;ɑ;233;933;1350;2610
57;femme;NA;ɔ;240;700;1080;2810
57;femme;NA;ɔ;240;720;1090;2840
57;femme;NA;ʊ;243;500;1215;2870
57;femme;NA;ʊ;239;500;1240;2860
57;femme;NA;u;263;470;1000;2820
57;femme;NA;u;272;378;950;2990
57;femme;NA;ɜ˞;243;480;1410;1700
57;femme;NA;ɜ˞;243;493;1580;1775
58;femme;NA;i;268;320;2900;3200
58;femme;NA;i;263;290;2750;3050
58;femme;NA;ɪ;258;460;2380;2940
58;femme;NA;ɪ;251;480;2260;2980
58;femme;NA;ɛ;246;640;2220;2900
58;femme;NA;ɛ;250;670;2250;2960
58;femme;NA;æ;243;950;1970;2890
58;femme;NA;æ;244;980;1950;2920
58;femme;NA;ʌ;251;750;1280;2760
58;femme;NA;ʌ;258;770;1340;2800
58;femme;NA;ɑ;250;950;1130;3160
58;femme;NA;ɑ;256;850;1150;2940
58;femme;NA;ɔ;242;530;870;2680
58;femme;NA;ɔ;250;600;900;2770
58;femme;NA;ʊ;250;600;1225;2500
58;femme;NA;ʊ;264;630;1320;2560
58;femme;NA;u;258;440;1290;2530
58;femme;NA;u;269;460;1080;2640
58;femme;NA;ɜ˞;250;600;1500;2000
58;femme;NA;ɜ˞;254;610;1520;1950
59;femme;NA;i;234;280;2690;3040
59;femme;NA;i;261;280;2740;2980
59;femme;NA;ɪ;260;470;2500;3400
59;femme;NA;ɪ;262;440;2480;3240
59;femme;NA;ɛ;242;730;2300;3100
59;femme;NA;ɛ;260;750;2340;3120
59;femme;NA;æ;233;860;2070;2880
59;femme;NA;æ;240;890;1920;2710
59;femme;NA;ʌ;257;770;1540;2840
59;femme;NA;ʌ;257;800;1410;2860
59;femme;NA;ɑ;240;790;1250;3080
59;femme;NA;ɑ;241;820;1210;2960
59;femme;NA;ɔ;234;408;695;3040
59;femme;NA;ɔ;246;420;590;3100
59;femme;NA;ʊ;251;500;1230;2520
59;femme;NA;ʊ;256;480;1230;2750
59;femme;NA;u;263;419;1050;2850
59;femme;NA;u;278;390;1060;2800
59;femme;NA;ɜ˞;220;420;1720;1900
59;femme;NA;ɜ˞;255;510;1680;1890
60;femme;NA;i;208;270;2820;3450
60;femme;NA;i;225;250;2880;3350
60;femme;NA;ɪ;220;370;2530;3060
60;femme;NA;ɪ;250;400;2600;3120
60;femme;NA;ɛ;214;640;2360;3020
60;femme;NA;ɛ;219;650;2430;3040
60;femme;NA;æ;205;900;2090;3000
60;femme;NA;æ;200;860;2160;2870
60;femme;NA;ʌ;214;750;1540;2800
60;femme;NA;ʌ;214;770;1530;2780
60;femme;NA;ɑ;195;920;1350;2550
60;femme;NA;ɑ;210;920;1470;2690
60;femme;NA;ɔ;194;720;1110;2420
60;femme;NA;ɔ;200;700;1100;2780
60;femme;NA;ʊ;222;470;1200;2900
60;femme;NA;ʊ;237;470;1190;2800
60;femme;NA;u;240;380;980;3100
60;femme;NA;u;188;340;920;3050
60;femme;NA;ɜ˞;222;530;1670;2050
60;femme;NA;ɜ˞;200;500;1720;1900
61;femme;NA;i;258;310;2740;3200
61;femme;NA;i;262;262;2680;3170
61;femme;NA;ɪ;262;450;2310;3020
61;femme;NA;ɪ;263;472;2270;2950
61;femme;NA;ɛ;245;640;1980;2920
61;femme;NA;ɛ;235;700;2110;2940
61;femme;NA;æ;194;810;1860;2620
61;femme;NA;æ;234;890;1800;2700
61;femme;NA;ʌ;230;710;1340;2780
61;femme;NA;ʌ;245;740;1470;2940
61;femme;NA;ɑ;225;830;1020;2650
61;femme;NA;ɑ;219;830;1095;2610
61;femme;NA;ɔ;240;600;850;2760
61;femme;NA;ɔ;253;455;810;2750
61;femme;NA;ʊ;282;400;1070;2530
61;femme;NA;ʊ;250;450;1050;2450
61;femme;NA;u;260;290;670;2380
61;femme;NA;u;275;330;630;2460
61;femme;NA;ɜ˞;240;500;1630;2040
61;femme;NA;ɜ˞;243;490;1580;2190
62;enfant;NA;i;228;460;3300;3950
62;enfant;NA;i;200;400;3400;3850
62;enfant;NA;ɪ;205;600;2550;4000
62;enfant;NA;ɪ;205;610;2500;4100
62;enfant;NA;ɛ;225;600;2750;3600
62;enfant;NA;ɛ;210;760;2500;3850
62;enfant;NA;æ;200;1000;2300;3900
62;enfant;NA;æ;200;800;2500;4050
62;enfant;NA;ʌ;200;1000;1750;3550
62;enfant;NA;ʌ;223;1110;1690;4040
62;enfant;NA;ɑ;205;1220;1560;3650
62;enfant;NA;ɑ;200;1300;1800;3450
62;enfant;NA;ɔ;219;660;1100;3850
62;enfant;NA;ɔ;217;690;1090;3900
62;enfant;NA;ʊ;206;620;1420;3700
62;enfant;NA;ʊ;220;620;1410;3520
62;enfant;NA;u;233;440;900;3900
62;enfant;NA;u;200;400;650;3800
62;enfant;NA;ɜ˞;210;610;2300;2900
62;enfant;NA;ɜ˞;200;450;2150;2550
63;enfant;NA;i;290;320;3500;4260
63;enfant;NA;i;305;350;3400;4100
63;enfant;NA;ɪ;322;640;3200;3660
63;enfant;NA;ɪ;325;650;3000;3800
63;enfant;NA;ɛ;270;850;2900;3680
63;enfant;NA;ɛ;285;700;3120;3750
63;enfant;NA;æ;256;1130;2560;3500
63;enfant;NA;æ;285;1140;2000;3560
63;enfant;NA;ʌ;310;1130;1740;3670
63;enfant;NA;ʌ;300;1000;1800;3450
63;enfant;NA;ɑ;265;1170;1500;3440
63;enfant;NA;ɑ;283;980;1300;3100
63;enfant;NA;ɔ;265;530;1060;3450
63;enfant;NA;ɔ;272;540;1080;3000
63;enfant;NA;ʊ;285;560;1440;3500
63;enfant;NA;ʊ;294;570;1450;3500
63;enfant;NA;u;333;350;1280;3650
63;enfant;NA;u;290;340;1160;2950
63;enfant;NA;ɜ˞;275;560;1740;2460
63;enfant;NA;ɜ˞;302;600;1800;2200
64;enfant;masculin;i;240;380;3140;3700
64;enfant;masculin;i;258;310;3350;3650
64;enfant;masculin;ɪ;290;580;2760;3400
64;enfant;masculin;ɪ;250;500;2660;3500
64;enfant;masculin;ɛ;250;780;2450;3400
64;enfant;masculin;ɛ;240;672;2550;3400
64;enfant;masculin;æ;240;660;2900;3370
64;enfant;masculin;æ;215;760;2850;3300
64;enfant;masculin;ʌ;250;880;1500;3200
64;enfant;masculin;ʌ;243;850;1700;3250
64;enfant;masculin;ɑ;250;940;1380;2400
64;enfant;masculin;ɑ;276;1200;1500;3160
64;enfant;masculin;ɔ;250;750;1250;3450
64;enfant;masculin;ɔ;225;675;950;3240
64;enfant;masculin;ʊ;300;610;1500;3300
64;enfant;masculin;ʊ;275;500;1370;3500
64;enfant;masculin;u;256;300;1280;3150
64;enfant;masculin;u;250;400;1300;3700
64;enfant;masculin;ɜ˞;250;500;1540;1700
64;enfant;masculin;ɜ˞;242;580;1620;1790
65;enfant;NA;i;291;410;3200;3800
65;enfant;NA;i;264;420;3400;3900
65;enfant;NA;ɪ;291;580;2900;3820
65;enfant;NA;ɪ;280;560;2840;3900
65;enfant;NA;ɛ;292;810;2640;4200
65;enfant;NA;ɛ;270;780;2720;4100
65;enfant;NA;æ;270;1080;2480;3950
65;enfant;NA;æ;245;1050;2420;4000
65;enfant;NA;ʌ;286;970;1600;3950
65;enfant;NA;ʌ;250;800;1680;3800
65;enfant;NA;ɑ;275;1040;1350;3850
65;enfant;NA;ɑ;250;1100;1460;4250
65;enfant;NA;ɔ;286;770;1150;3950
65;enfant;NA;ɔ;273;710;1200;3900
65;enfant;NA;ʊ;285;680;1420;3800
65;enfant;NA;ʊ;278;640;1350;3950
65;enfant;NA;u;300;420;1110;3640
65;enfant;NA;u;280;505;1050;3400
65;enfant;NA;ɜ˞;320;640;1940;2820
65;enfant;NA;ɜ˞;265;610;2100;2600
66;enfant;NA;i;330;460;2800;3550
66;enfant;NA;i;333;490;2730;3550
66;enfant;NA;ɪ;310;560;2500;3450
66;enfant;NA;ɪ;310;580;2500;3450
66;enfant;NA;ɛ;286;800;2300;3750
66;enfant;NA;ɛ;310;835;2420;3740
66;enfant;NA;æ;282;950;2150;3650
66;enfant;NA;æ;310;1000;2150;3700
66;enfant;NA;ʌ;293;880;1700;3750
66;enfant;NA;ʌ;340;900;1600;3650
66;enfant;NA;ɑ;299;990;1410;3750
66;enfant;NA;ɑ;280;1050;1320;3730
66;enfant;NA;ɔ;285;770;940;3750
66;enfant;NA;ɔ;333;680;1020;3700
66;enfant;NA;ʊ;322;550;1195;3750
66;enfant;NA;ʊ;350;550;1340;3500
66;enfant;NA;u;316;600;1200;3600
66;enfant;NA;u;345;550;1100;3470
66;enfant;NA;ɜ˞;310;805;1705;2420
66;enfant;NA;ɜ˞;310;710;1700;2400
67;enfant;NA;i;210;340;3400;4320
67;enfant;NA;i;227;590;3610;4220
67;enfant;NA;ɪ;235;680;3250;4380
67;enfant;NA;ɪ;220;440;3000;3790
67;enfant;NA;ɛ;212;660;2900;3610
67;enfant;NA;ɛ;216;610;2760;3650
67;enfant;NA;æ;214;1240;2700;3640
67;enfant;NA;æ;215;1050;2550;3550
67;enfant;NA;ʌ;216;820;1470;3500
67;enfant;NA;ʌ;211;970;1410;3200
67;enfant;NA;ɑ;218;1090;1380;3050
67;enfant;NA;ɑ;212;860;1250;2800
67;enfant;NA;ɔ;211;800;1220;3700
67;enfant;NA;ɔ;214;640;1070;3000
67;enfant;NA;ʊ;219;660;1360;3700
67;enfant;NA;ʊ;214;730;1500;3600
67;enfant;NA;u;220;620;1100;3250
67;enfant;NA;u;216;600;1280;3650
67;enfant;NA;ɜ˞;222;670;2130;2360
67;enfant;NA;ɜ˞;205;760;2240;2460
68;enfant;NA;i;253;330;3250;3720
68;enfant;NA;i;262;340;3100;3400
68;enfant;NA;ɪ;250;500;2500;3640
68;enfant;NA;ɪ;278;530;2630;3640
68;enfant;NA;ɛ;255;710;2550;3560
68;enfant;NA;ɛ;250;750;2480;3470
68;enfant;NA;æ;233;1140;2260;3640
68;enfant;NA;æ;245;1110;2230;3380
68;enfant;NA;ʌ;256;770;1540;3500
68;enfant;NA;ʌ;257;800;1490;3300
68;enfant;NA;ɑ;240;940;1400;3400
68;enfant;NA;ɑ;245;930;1370;3120
68;enfant;NA;ɔ;240;530;860;3400
68;enfant;NA;ɔ;240;520;910;3420
68;enfant;NA;ʊ;255;510;1250;3320
68;enfant;NA;ʊ;260;520;1140;3320
68;enfant;NA;u;274;360;660;3050
68;enfant;NA;u;260;310;730;3500
68;enfant;NA;ɜ˞;250;550;1500;1800
68;enfant;NA;ɜ˞;239;480;1650;1960
69;enfant;masculin;i;250;300;2950;3600
69;enfant;masculin;i;270;320;3210;3600
69;enfant;masculin;ɪ;290;550;2610;3560
69;enfant;masculin;ɪ;286;540;2570;3600
69;enfant;masculin;ɛ;280;700;2500;3580
69;enfant;masculin;ɛ;263;600;2360;3400
69;enfant;masculin;æ;260;970;2400;3200
69;enfant;masculin;æ;250;950;2270;3200
69;enfant;masculin;ʌ;270;780;1650;3350
69;enfant;masculin;ʌ;250;720;1500;3240
69;enfant;masculin;ɑ;278;950;1200;2950
69;enfant;masculin;ɑ;250;920;1080;2770
69;enfant;masculin;ɔ;262;790;1050;2900
69;enfant;masculin;ɔ;250;750;1000;2500
69;enfant;masculin;ʊ;275;540;1430;3320
69;enfant;masculin;ʊ;263;530;1580;3200
69;enfant;masculin;u;295;420;1500;3010
69;enfant;masculin;u;260;450;1330;2840
69;enfant;masculin;ɜ˞;272;570;1880;2400
69;enfant;masculin;ɜ˞;255;510;1610;1910
70;enfant;masculin;i;235;280;2820;3400
70;enfant;masculin;i;244;317;3125;3500
70;enfant;masculin;ɪ;230;460;2520;3300
70;enfant;masculin;ɪ;212;420;2480;3140
70;enfant;masculin;ɛ;235;657;2300;3300
70;enfant;masculin;ɛ;232;672;2275;3300
70;enfant;masculin;æ;231;808;1950;3300
70;enfant;masculin;æ;225;870;2000;3200
70;enfant;masculin;ʌ;236;706;1410;3200
70;enfant;masculin;ʌ;211;720;1480;2880
70;enfant;masculin;ɑ;250;950;1350;3100
70;enfant;masculin;ɑ;227;910;1360;2950
70;enfant;masculin;ɔ;203;700;1120;3070
70;enfant;masculin;ɔ;230;690;920;2760
70;enfant;masculin;ʊ;250;475;1250;3150
70;enfant;masculin;ʊ;212;460;1210;2750
70;enfant;masculin;u;244;403;1100;2950
70;enfant;masculin;u;242;363;920;2900
70;enfant;masculin;ɜ˞;226;452;1580;1810
70;enfant;masculin;ɜ˞;232;510;1550;1740
71;enfant;masculin;i;230;280;3140;3830
71;enfant;masculin;i;250;300;3400;3950
71;enfant;masculin;ɪ;225;450;2700;3650
71;enfant;masculin;ɪ;250;400;2840;3700
71;enfant;masculin;ɛ;215;580;2650;3550
71;enfant;masculin;ɛ;220;620;2660;3770
71;enfant;masculin;æ;240;910;2370;3160
71;enfant;masculin;æ;233;930;2350;3450
71;enfant;masculin;ʌ;250;770;1650;3420
71;enfant;masculin;ʌ;230;690;1600;3350
71;enfant;masculin;ɑ;242;970;1450;3260
71;enfant;masculin;ɑ;225;1010;1650;3150
71;enfant;masculin;ɔ;232;670;1160;3550
71;enfant;masculin;ɔ;225;720;1260;3400
71;enfant;masculin;ʊ;216;500;1640;3580
71;enfant;masculin;ʊ;250;450;1440;3500
71;enfant;masculin;u;290;350;1160;3260
71;enfant;masculin;u;273;330;1090;3350
71;enfant;masculin;ɜ˞;240;430;1800;2400
71;enfant;masculin;ɜ˞;233;470;1840;2400
72;enfant;masculin;i;275;330;3050;3800
72;enfant;masculin;i;286;340;2860;3610
72;enfant;masculin;ɪ;280;500;2720;3360
72;enfant;masculin;ɪ;230;600;2750;3550
72;enfant;masculin;ɛ;245;735;2450;3300
72;enfant;masculin;ɛ;258;780;2560;3300
72;enfant;masculin;æ;235;940;2020;2580
72;enfant;masculin;æ;232;1070;2320;2900
72;enfant;masculin;ʌ;268;860;1530;3100
72;enfant;masculin;ʌ;256;970;1500;3050
72;enfant;masculin;ɑ;245;780;1250;3180
72;enfant;masculin;ɑ;236;970;970;3120
72;enfant;masculin;ɔ;258;825;1210;3100
72;enfant;masculin;ɔ;300;930;930;2900
72;enfant;masculin;ʊ;260;490;1460;2860
72;enfant;masculin;ʊ;286;570;1320;2840
72;enfant;masculin;u;275;470;1400;2800
72;enfant;masculin;u;286;370;1160;2800
72;enfant;masculin;ɜ˞;268;510;1660;2100
72;enfant;masculin;ɜ˞;250;480;1700;1830
73;enfant;NA;i;295;380;3200;4000
73;enfant;NA;i;267;350;3250;3700
73;enfant;NA;ɪ;294;380;2960;3800
73;enfant;NA;ɪ;300;520;2900;3600
73;enfant;NA;ɛ;280;670;2790;3600
73;enfant;NA;ɛ;275;620;2750;3500
73;enfant;NA;æ;262;1070;2380;3100
73;enfant;NA;æ;275;1130;2320;3110
73;enfant;NA;ʌ;290;700;1730;2960
73;enfant;NA;ʌ;270;725;1570;2900
73;enfant;NA;ɑ;278;1110;1630;2780
73;enfant;NA;ɑ;280;1130;1400;3000
73;enfant;NA;ɔ;292;580;930;2950
73;enfant;NA;ɔ;270;540;1070;3000
73;enfant;NA;ʊ;300;450;1350;3000
73;enfant;NA;ʊ;320;520;1600;3150
73;enfant;NA;u;307;460;1460;3070
73;enfant;NA;u;300;400;1700;3000
73;enfant;NA;ɜ˞;300;540;1770;2040
73;enfant;NA;ɜ˞;286;540;2050;2300
74;enfant;masculin;i;300;300;3250;3850
74;enfant;masculin;i;275;275;3280;3800
74;enfant;masculin;ɪ;286;570;2850;3400
74;enfant;masculin;ɪ;267;485;2630;3450
74;enfant;masculin;ɛ;264;650;2880;3500
74;enfant;masculin;ɛ;284;570;2900;3600
74;enfant;masculin;æ;260;1300;2280;3130
74;enfant;masculin;æ;260;1300;2160;3300
74;enfant;masculin;ʌ;275;850;1540;3020
74;enfant;masculin;ʌ;262;840;1580;2880
74;enfant;masculin;ɑ;250;1230;1300;3200
74;enfant;masculin;ɑ;286;1090;1230;2980
74;enfant;masculin;ɔ;265;850;850;2920
74;enfant;masculin;ɔ;285;685;1030;2900
74;enfant;masculin;ʊ;283;540;1420;3050
74;enfant;masculin;ʊ;300;600;1440;2900
74;enfant;masculin;u;280;390;1340;2830
74;enfant;masculin;u;284;340;1110;3080
74;enfant;masculin;ɜ˞;280;530;1650;1740
74;enfant;masculin;ɜ˞;286;550;1660;1770
75;enfant;masculin;i;265;370;2950;3400
75;enfant;masculin;i;290;370;2910;3480
75;enfant;masculin;ɪ;271;515;2740;3280
75;enfant;masculin;ɪ;290;485;2600;3200
75;enfant;masculin;ɛ;262;630;2520;3150
75;enfant;masculin;ɛ;272;565;2440;3120
75;enfant;masculin;æ;262;970;2030;2880
75;enfant;masculin;æ;275;915;2130;2900
75;enfant;masculin;ʌ;270;810;1600;3230
75;enfant;masculin;ʌ;280;760;1530;3180
75;enfant;masculin;ɑ;270;810;1350;2940
75;enfant;masculin;ɑ;275;1000;1360;3000
75;enfant;masculin;ɔ;270;535;970;2960
75;enfant;masculin;ɔ;275;550;1080;2850
75;enfant;masculin;ʊ;275;550;1420;3040
75;enfant;masculin;ʊ;295;570;1500;3000
75;enfant;masculin;u;283;510;1700;3020
75;enfant;masculin;u;278;500;1640;3050
75;enfant;masculin;ɜ˞;261;522;1830;2350
75;enfant;masculin;ɜ˞;282;530;1800;2250
76;enfant;NA;i;320;350;3240;3760
76;enfant;NA;i;344;344;3120;3640
76;enfant;NA;ɪ;308;590;2760;3500
76;enfant;NA;ɪ;320;540;2900;3500
76;enfant;NA;ɛ;307;830;2750;3650
76;enfant;NA;ɛ;308;800;2640;3540
76;enfant;NA;æ;294;1140;2450;3230
76;enfant;NA;æ;239;1130;2550;3150
76;enfant;NA;ʌ;310;930;1540;3120
76;enfant;NA;ʌ;315;950;1670;3150
76;enfant;NA;ɑ;350;1190;1470;3150
76;enfant;NA;ɑ;314;1070;1460;2950
76;enfant;NA;ɔ;300;910;1200;3180
76;enfant;NA;ɔ;330;830;1250;3250
76;enfant;NA;ʊ;327;630;1310;3270
76;enfant;NA;ʊ;322;610;1550;3400
76;enfant;NA;u;345;520;1250;3460
76;enfant;NA;u;334;500;1140;3380
76;enfant;NA;ɜ˞;308;740;1850;2160
76;enfant;NA;ɜ˞;328;660;1830;2200
